MMT,201201151306089659,"Radisson Blu Hotel Dwarka ","New Delhi And NCR","Plot No.-4, Dwarka Sector-13, Dwarka City centre, Near IGI Airport, New Delhi And NCR, India",4124,4.1,5,"Splendid Weekend Deal Get 30&#037; Off &#033;&#033;&#033; | Last Minute Savings &#045; Book Now &amp; Get 20&#037; Discount",1
MMT,20101211140123884,"Best Western Taurus","New Delhi And NCR","IGI Airport Road, Mahipalpur, International Airport Zone , New Delhi And NCR, India",3599,3.4,4,,1
MMT,201502101316129872,"Vivanta By Taj Dwarka","New Delhi And NCR","Metro Station Complex Sector 21, Dwarka, New Delhi And NCR, India",5000,3.6,5,,0
MMT,20140929155357879,"Hyatt Place Gurgaon/Udyog Vihar","New Delhi And NCR","15/1 Old Delhi-Gurgaon Road, Sector 18, Gurgaon, New Delhi And NCR, India",11000,3.9,4,,0
MMT,200801251157395983,"Hotel Emperor Palms","New Delhi And NCR","15 A-7, WEA, Karol Bagh, Karol Bagh, New Delhi And NCR, India",2520,3.4,3,"Book now and save 10&#037; on each nights",1
MMT,201301181548234290,"Hotel Transit ","New Delhi And NCR","A-58,Road No-04 National Highway No. 8, Near I.G.I/ Domestic Airport, Mahipalpur, Mahipalpur, International Airport Zone, New Delhi And NCR, India",2080,2.8,3,"Book Now and Save&#033;&#033;&#033; | Book Now and Save&#033;&#033;&#033; | Book Now and Save&#033;&#033;&#033;",1
MMT,200707041927005989,"Hotel Southern","New Delhi And NCR","18/2, Arya Samaj Road, W.E.A Karol Bagh, , Karol Bagh, New Delhi And NCR, India",1833,3.4,3,"BOOK NOW &amp; SAVE 5&#037;",1
MMT,201305021213048214,"Anya Hotel , Gurgaon","New Delhi And NCR","42 Golf Course Road,, Sector 43, Gurgaon, New Delhi And NCR, India",6125,3.7,5,"Weekend Discount&#033;&#033;&#033;",1
MMT,201204211502233456,"Premier Inn Shalimar Bagh New Delhi","New Delhi And NCR","Outer Ring Road, Shalimar Bagh, District Centre, , Shalimar Bagh, West Delhi  , New Delhi And NCR, India",2399,3.6,4,,1
MMT,20140820104122770,"Formule1 Gurgaon","New Delhi And NCR","Good Earth City Centre,Sector 50, Opp Malibu Towne, Sector 50, New Delhi And NCR, India",2775,2.6,3,"Rest Assured Offer&#033;&#033;Book 5 days in Advance and get 10&#037; Off&#033;&#033;",0
MMT,201203301842173153,"Lemon Tree Premier, Delhi Airport","New Delhi And NCR","Hospitality District, Delhi International Airpot, International Airport, New Delhi And NCR, India",3834,3.9,4,"Book Within 7 Days of Arrival and Get 10&#037; Off &#033;&#033; | PAN card will not be accepted as Identity Proof &#033;&#033;",1
MMT,201103301033502179,"Hotel Airport City","New Delhi And NCR","A-11 Road No-1, NH-8,MahipalPur Extn,, Mahipalpur, International Airport Zone , New Delhi And NCR, India",1800,3.3,2,,1
MMT,201106291054364189,"Jaypee Vasant Continental","New Delhi And NCR","Vasant Vihar, Vasant Vihar, South Delhi, New Delhi And NCR, India",5750,4.1,5,,0
MMT,20070531173728920,"Galaxy Hotel And Spa","New Delhi And NCR","NH 8 Sector 15,Part II, Sector 15,Gurgaon, New Delhi And NCR, India",5249,4.2,5,"Long Stay Package",1
MMT,201203031004444209,"Country Inn And suites by Carlson Sec 12, Gurgaon","New Delhi And NCR","Plot No. 301-302 , Old Delhi Road  Sector -12, Sector -12, Gurgaon, New Delhi And NCR, India",3739,4.1,4,"Weekend Offer&#033; 25&#037; Off &#033;&#033;",1
MMT,201408081314091006,"Hotel Jukaso Inn Down Town","New Delhi And NCR","L-1 Block Connaught Circus, Middle Circle , Connaught Place, New Delhi And NCR, India",2590,3.7,3,"Book &amp; Save &#033;&#033;&#033;",1
MMT,200711230817505783,"Hotel Park Residency","New Delhi And NCR","D-1, Green Park, Ashirward Building, Green Park, South Delhi, New Delhi And NCR, India",3299,3.9,3,"Book Now and Save 30&#037;&#033;&#033;&#033;",1
MMT,201206181214351011,"Radisson Blu Hotel Ghaziabad","New Delhi And NCR","H-3, Sector 14, Kaushambi, Ghaziabad, New Delhi And NCR, India",6749,4.1,5,"Splendid Weekend Deal Get 20&#037; Off &#033;&#033;",0
MMT,200701111202359406,"Avalon Courtyard Residences And Suites","New Delhi And NCR","Empire Estate, Mehrauli-gurgaon Road, Sultanpur, Mehrauli-gurgaon Road, South Delhi, New Delhi And NCR, India",4000,4.2,4,,1
MMT,200810221411529549,"Hotel The Royal Plaza","New Delhi And NCR","19, Ashoka Road, Connaught Place, Central Delhi, New Delhi And NCR, India",4000,3.9,4,,0
MMT,201007291211566687,"The Pearl - A Royal Residency","New Delhi And NCR","7A/43, W.E.A, Karol Bagh, New Delhi, Karol Bagh, New Delhi And NCR, India",1733,3.2,3,"SUPER SAVER 10&#037; DISCOUNT | LAST MINUTE DEAL SAVE 20&#037;",1
MMT,201502161600594227,"Shagun Apartments","New Delhi And NCR","Plot No 961 Sector 40, Gurgaon, New Delhi And NCR, India",4000,0,3,,1
MMT,201011031119378724,"Ramada Gurgaon Central","New Delhi And NCR","Plot No 2,Sector 44, Sector 44, Gurgaon, New Delhi And NCR, India",4520,4.1,4,"Book &amp; Save &#033;&#033;&#033;",0
MMT,201203031137312841,"Country Inn & Suites By Carlson - Gurgaon, Udyog Vihar","New Delhi And NCR","Adjacent to Plot No 406, Udyog Vihar Phase III, Udyog Vihar Phase III, Gurgaon, New Delhi And NCR, India",4075,4.5,5,"Splendid Weekend Deal Get 25&#037; Off &#033;&#033; | Stay for min 5 nights &amp; get 20&#037; off with Complimentary Buffet and Wifi &#033;&#033;&#033; 15&#037; Disc on Laundry&#044; Food &amp; S&#046;Bev and Telephones&#046;",0
MMT,201009131752175161,"Hotel Grand Godwin","New Delhi And NCR","8502 / 41, ARAKASHAN ROAD, RAM NAGAR, PAHARGANJ, Pahar Ganj, New Delhi Railway Station, New Delhi And NCR, India",1505,4,3,"Last Minute Booking  Offer 30 &#037; Discount",1
MMT,201203031707204560,"The Pllazio Hotel - Gurgaon","New Delhi And NCR","Plot No. 292-296, Sec 29,City Centre, Sector 29,Gurgaon, New Delhi And NCR, India",11119,3.9,4,,1
MMT,201301031456007206,"Red Fox Hotel, Delhi Airport","New Delhi And NCR","Hospitality District, Aerocity wing, International Airport, International Airport, New Delhi And NCR, India",2924,4.1,3,"Stay for min 3 nights &amp; get 15&#037; off &#033;&#033;&#033; | PAN card will not be accepted as Identity Proof &#033;&#033;",1
MMT,201009291735488502,"Hotel TE New Delhi","New Delhi And NCR","A-3 Pamposh Enclave, GK 1, GK-1, South Delhi, New Delhi And NCR, India",2893,3.3,4,"Last Minute Deal&#046;&#046; Book Within 4 Days And Save 35&#037;",1
MMT,201206051213402695,"Radisson Blu Greater Noida","New Delhi And NCR","C-8, Site 4, 2nd Cross Avenue Road,, Kasna, New Delhi And NCR, India",4289,3.8,5,"Splendid Weekend Deal Get 20&#037; Off &#033;&#033;",1
MMT,201012311433468016,"Mahagun Sarovar Portico Suites","New Delhi And NCR","Mahagun Metro Mall, VC 3, Sector 3, Vaishali, Ghaziabad, Ghaziabad, New Delhi And NCR, India",2960,4.1,4,"Weekend Special&#046;&#046;&#033;&#033; Get 15&#037; off on Fri&#044; Sat&#044; Sun&#046;&#046;&#033;&#033;",0
MMT,201004011443288188,"Country Inn and Suites by Carlson, Sahibabad","New Delhi And NCR","64/6 Site IV, Industrial Area, Sahibabad, East Delhi, New Delhi And NCR, India",3201,4.1,5,"Splendid Weekend Deal Get 20&#037; Off &#033;&#033; | Zach Johnson Campaign &#045; 11&#037; off &#033;&#033;&#033;",1
MMT,201011121301464911,"Hotel O Delhi ","New Delhi And NCR","8/32,WEA,Near Mandakini Palace,, Karol Bagh, New Delhi And NCR, India",1260,3.5,3,"Last Minute Purchase 30&#037; discount each night",1
MMT,201104161331017446,"Hotel Classic Diplomat","New Delhi And NCR","A-4,Mahipalpur,NH-8, Mahipalpur, International Airport Zone , New Delhi And NCR, India",3056,3.9,3,"Stay for 2 Nights and Save&#033;&#033;&#033;",1
MMT,201205011557353897,"Country Inn and Suite By Carlson Saket","New Delhi And NCR","A-1 DLF South Court Mall, District Centre, Saket , District Centre, Saket , New Delhi And NCR, India",4570,4,4,"Limited Time Discount!",1
MMT,200701121640393527,"Hotel Ajanta","New Delhi And NCR","36, Arakashan Road, Pahar Ganj, Pahar Ganj, New Delhi Railway Station, New Delhi And NCR, India",1706,3.7,3,"Last Minute Deal get 20&#037; discount &#033;&#033;",1
MMT,201209251553088359,"HBC - Hotel City Centre","New Delhi And NCR","L-118, Street No - 15, Mahipalpur, Mahipalpur, International Airport Zone, New Delhi And NCR, India",1190,2.4,3,"Last Minute Deal &#033;&#033;&#033;&#033;",1
MMT,201407242019374758,"Hotel All Iz Well","New Delhi And NCR","4781, Main Bazar, Six tooti Chowk, Pahar Ganj, New Delhi Railway Station, Pahar Ganj, New Delhi And NCR, India",938,4,3,"Hurry&#058; Book now and get Flat 50 &#037;Off",1
MMT,200709141347456889,"Yuvraj Deluxe","New Delhi And NCR","38,Arakashan Road, Pahar Ganj, New Delhi Railway Station, New Delhi And NCR, India",1200,3.5,3,"Flat 25&#037; Discount &#045; Last Minute Deal &#033;&#033;&#033;",1
MMT,201203030954037797,"Country Inn and Suites By Carlson, Sector-29","New Delhi And NCR","Plot No- 360-362, Sector-29, Sector-29, Near Kingdom Of Dreams Towards Huda City Centre Metro Station,Gurgaon, New Delhi And NCR, India",4236,4.3,4,"Zach Johnson Offer | Splendid Weekend Deal Get 20&#037; Off &#033;&#033;",0
MMT,20070228151807523,"The Metropolitan Hotel & Spa","New Delhi And NCR","Bangla Sahib Road, Bangla Sahib Road, Connaught Place, New Delhi And NCR, India",5167,4.1,5,,1
MMT,201204171409525440,"Hotel Hari Piorko","New Delhi And NCR","4775, MAIN BAZAR, Pahar Ganj,New Delhi Railway Station, New Delhi And NCR, India",1039,4.1,2,"Flat Rs 160 OFF",1
MMT,201106131446133420,"Hotel Janpath","New Delhi And NCR","Janpath Road,, Janpath,Central Delhi, New Delhi And NCR, India",4917,4.2,4,,0
MMT,200709141353202523,"Hotel Mohan International ","New Delhi And NCR","2,Arakashan Road, Paharganj, New Delhi Railway Station, New Delhi And NCR, India",1425,4,3,"Flat &#058; 25&#037; discount Last Minute Offer&#033;&#033;&#033;&#033;&#033;",1
MMT,201101121621322359,"Radisson Blu Marina Hotel Connaught Place","New Delhi And NCR","G-59, Connaught Circus, Connaught Place, Central Delhi, New Delhi And NCR, India",5361,4.1,4,"Extended Stay Rate | Splendid Weekend Deal Get 20&#037; Off &#033;&#033; | Non&#045;Smoking Room",0
MMT,201309021636532583,"WelcomHotel Dwarka","New Delhi And NCR","Plot No 3, District Center, Sector 10, Dwarka, Dwarka, New Delhi And NCR, India",4725,4.4,5,"Last Minute Deal &#045; Book Now and Get 10&#037; Discount &#033;&#033;&#033;",0
MMT,201309271831358563,"Hotel Toronto","New Delhi And NCR","10072/1,  Multani Dhanda, Paharaganj, Paharaganj, New Delhi And NCR, India",950,3.5,3,,0
MMT,200701211455342954,"The Lalit New Delhi","New Delhi And NCR","Barakhamba Ave, Connaught Place, Connaught Place, Central Delhi, New Delhi And NCR, India",6300,4.2,5,"Last Minute Deal &#045; 16&#037; Off&#033; | Last Minute Deal &#045; 15&#037; Off&#033;",0
MMT,200701241130593567,"Rupam Hotel","New Delhi And NCR","9A / 35, WEA Channa Market,, Karol Bagh, New Delhi And NCR, India",1560,4.1,3,"Book For 3 nights or More save 40 &#037;",1
MMT,201111071734139585,"Hotel Delhi Aerocity","New Delhi And NCR","104/2/2 M R Complex, Nr IGI Airport, Rangpuri Mahipalpur NH 8 , Mahipalpur, International Airport Zone , New Delhi And NCR, India",1995,3.7,3,,1
MMT,200902051033051287,"Hotel Delhi City Centre","New Delhi And NCR","8633-45, Arakashan road, Ram Nagar, Pahar Ganj, New Delhi Railway Station, New Delhi And NCR, India",999,3.8,2,"Special Summer Deal &#045; Flat 30&#037; off &#033;&#033;",1
MMT,201301081231305755,"OYO Rooms Huda City Center II","New Delhi And NCR","D 124 South City - 1, Gurgaon, New Delhi And NCR, India",1199,3.9,3,"Flat 50&#037; Off&#045;Limited Time Offer",1
MMT,200808141016162009,"IBIS Gurgaon","New Delhi And NCR","Block-1, Sector-53, golf Course Road, Sector-53, golf Course Road, New Delhi And NCR, India",3250,3.8,4,"Stay for 3 Pay for 2 &#033;&#033;",0
MMT,201007021321155840,"The Suryaa","New Delhi And NCR","New Friends Colony,, New Friends Colony, South Delhi, New Delhi And NCR, India",4750,4.2,5,"Book Now and Save 50&#037; ",1
MMT,201203031503242870,"Lemon Tree Premier, Leisure Valley, Gurgaon","New Delhi And NCR","48, City Center, Sector 29,Gurgaon 122002, Haryana, Sector 29, Gurgaon, New Delhi And NCR, India",4702,4,4,"Book Within 7 Days of Arrival and Get 10&#037; Off &#033;&#033; | Stay for min 3 nights &amp; get 15&#037; off &#046;&#046;&#033;&#033; | Weekend Special&#046;&#046;&#033;&#033; Get 15&#037; off on Fri&#044; Sat&#044; Sun&#046;&#046;&#033;&#033; | PAN card will not be accepted as Identity Proof &#033;&#033;",1
MMT,201104081739311111,"Hotel City Premier","New Delhi And NCR","Plot No 6303,Near Super Mart 1, DLF Phase- 4, , DLF Phase- 4, Gurgaon, New Delhi And NCR, India",1800,3.5,3,,1
MMT,200901201349531876,"Cabana Hotel","New Delhi And NCR","R - 23, GREATER KAILASH Part 1, Greater Kailash 1,South Delhi, New Delhi And NCR, India",2867,3.9,3,,1
MMT,201203031754134704,"The Oberoi Gurgaon","New Delhi And NCR","443, Udyog Vihar, Phase V, National Capital Region, New Delhi And NCR, India",13000,0,5,,0
MMT,201212311256437984,"The TreeHouse Gurgaon","New Delhi And NCR","Opp.Distt.Courts,Near Rajiv Chowk, Near Rajiv Chowk,Gurgaon, New Delhi And NCR, India",2700,4.2,3,,1
MMT,201404262025206984,"Holiday Inn New Delhi International Airport","New Delhi And NCR","Asset Area 12, Hospitality District, Aerocity, Delhi International Airport, New Delhi And NCR, India",5312,4.2,5,,0
MMT,200701111237534875,"Hotel Vikram","New Delhi And NCR","1-2 Lajpat Nagar Part-IV, Lajpat Nagar,South Delhi, New Delhi And NCR, India",4450,4,4,,1
MMT,201107201122598377,"Hotel Godwin Deluxe      ","New Delhi And NCR","8501/15, Arakshan Road, , Pahar Ganj, New Delhi Railway Station, New Delhi And NCR, India",2030,4,3,"Last Minute Booking  Offer 30 &#037; Discount",1
MMT,201301201712598999,"Park Ascent","New Delhi And NCR","Plot No 12,6, Opp IIM Lucknow Noida Campus , Noida Khoda Road , Sector 62 , Noida, Sector 62, Noida , New Delhi And NCR, India",5175,4.2,4,"Book &amp; Save &#033;&#033;&#033;",1
MMT,200906191523351301,"Svelte Hotel and Personal Suites","New Delhi And NCR","A - 3 District Centre, Saket, Saket, Select City Walk Mall, South Delhi, New Delhi And NCR, India",6335,4,5,"Long Stay Deal &#033;&#033;&#033;",1
MMT,20100521113842955,"Hotel Malik Continental","New Delhi And NCR","Opp L.I.G. Flats, Masoodpur Main Road,Vasant Kunj, Vasant Kunj, International Airport Zone , New Delhi And NCR, India",1999,3.8,3,,1
MMT,201101141522264305,"Radisson Blu Hotel Paschim Vihar","New Delhi And NCR","Outer Ring Road, Paschim Vihar, New Delhi And NCR, India",4950,3.9,5,"Limited Time Discount!",1
MMT,20090912131939256,"The Bristol Hotel","New Delhi And NCR","Near Dlf Qutab Enclave Phase 1, Dlf Phase 1,Gurgaon, New Delhi And NCR, India",5999,3.3,5,,1
MMT,201203141036031166,"Clarens-A Boutique Hotel","New Delhi And NCR","Plot No. 363-364,Sector-29, Sector-29,Gurgaon, New Delhi And NCR, India",5500,4.5,4,,1
MMT,201408181436548370,"OYO Rooms New Friends Colony","New Delhi And NCR","New Friends Colony, New Friends Colony, New Delhi And NCR, India",1299,3.5,3,"Flat 50&#037; Off&#045;Limited Time Offer",1
MMT,201104161029126790,"Hotel Le Roi","New Delhi And NCR","2206, Chunna Mandi, Raj Guru Road,, Pahar Ganj, New Delhi Railway Station, New Delhi And NCR, India",1642,3.6,3,"Stay for 3 Nights and More and Save 25&#037; off",1
MMT,201312051445358230,"Oyo Rooms Golf Course Road","New Delhi And NCR","Golf Course Road, Gurgaon, New Delhi And NCR, India",1199,3.6,3,"Flat 50&#037; Off&#045;Limited Time Offer",1
MMT,201105141028003301,"Hotel 32nd Milestone","New Delhi And NCR","NH-8, Sector-15, Part 2, Sector 15,Gurgaon, New Delhi And NCR, India",3699,3.8,3,,1
MMT,200902200942406232,"Hotel Singh Empire Dx","New Delhi And NCR","8707 - 8710, D B Gupta Road PaharGanj, Pahar Ganj, New Delhi Railway Station, New Delhi And NCR, India",1170,3.7,3,"Book Now And Save 30&#037;",1
MMT,201101051901299137,"Clarks Inn Suites","New Delhi And NCR","Pacific Buisness Park,37/1,Site iv,, Sahibabad Industrial Area,, New Delhi And NCR, India",2700,3.3,4,"Book now and Save 10&#037;&#046;&#046;&#033;&#033;",0
MMT,201403161714172668,"Hotel Cabana","New Delhi And NCR","2313 Behind Imperial Cinema, Near R K Ashram Metro Station, Near R K Ashram Metro Station, New Delhi Railway Station,Paharganj, New Delhi And NCR, India",1108,3.9,3,"Hurry&#058; Book now and get 45 &#037; Off",1
MMT,201004151444364867,"The Visaya","New Delhi And NCR","N82, PANCHSHILA PARK, Panchsheel Park, South Delhi, New Delhi And NCR, India",6000,4,4,"Extended Stay Offer",1
MMT,201306281557126167,"JP Hotel & Resorts","New Delhi And NCR","6 B Community Centre, Patparganj, IP Extension,NH24 Delhi, Patparganj, New Delhi And NCR, India",2725,3.6,3,,1
MMT,201307221421213089,"The Golden Palms Hotel","New Delhi And NCR","6-C, Opp East Delhi, Police Headquarter, Patparganj, Police Headquarter, Patparganj, New Delhi And NCR, India",3000,3.8,3,,1
MMT,201407071524012615,"Oyo Rooms Cyber Hub","New Delhi And NCR","DLF Phase I,, Gurgaon, New Delhi And NCR, India",1199,3.9,3,"Flat 50&#037; Off&#045;Limited Time Offer",1
MMT,201310222022024705,"Hotel Le Benz","New Delhi And NCR","2222, Rajguru Road, Chuna Mandi, Pahar Ganj, Pahar Ganj, New Delhi And NCR, India",1699,3.4,3,"Flat 30&#037; Discount &#045; Book within 5 Days &#033;&#033;&#033;&#033;",1
MMT,200701111330065182,"Hotel BB Palace","New Delhi And NCR","2638&2642, Gurudwara Road, Bank Street, Karol Bagh, Karol Bagh, New Delhi And NCR, India",5200,3.7,3,,1
MMT,200803050906255532,"Hotel International Inn","New Delhi And NCR","A-78, National Highway No. 8, Near I.G.I/ Domestic Airport, Mahipalpur, Mahipalpur, New Delhi And NCR, India",1800,3.2,3,"Book &amp; Save &#033;&#033;&#033; | Book &amp; Save &#033;&#033;&#033; | Book &amp; Save &#033;&#033;&#033;",1
MMT,200908031430181553,"Vista Park","New Delhi And NCR","Plot No 6 and 7 , Sector - 29, Gurgaon, New Delhi And NCR, India",4500,4,4,,1
MMT,20070914125655620,"Hotel Chand Palace","New Delhi And NCR","54,Arakashan Road, Pahar Ganj, Pahar Ganj, New Delhi Railway Station, New Delhi And NCR, India",945,3.5,2,"Flat 10&#037; Discount &#058; Limited period offer",0
MMT,201309191155553564,"Hotel Shelton","New Delhi And NCR","5043 Main Bazar, Pahar Ganj, Pahar Ganj, New Delhi And NCR, India",1519,3.9,3,"Hurry&#058; Book now and get Flat 20&#037;Off",1
MMT,201401201033306183,"Park Inn by Radisson Gurgaon Bilaspur","New Delhi And NCR","NH-8, Bilaspur, Bilaspur, New Delhi And NCR, India",2750,3.7,4,"Splendid Weekend Deal Get 30&#037; Off &#033;&#033;",0
MMT,201402021911303910,"Piccadily Hotel New Delhi","New Delhi And NCR","District Centre Complex, Janakpuri, Janakpuri, New Delhi And NCR, India",4500,4.1,5,,1
MMT,201104191407009669,"Park Plaza - Faridabad","New Delhi And NCR","Plot Number 1, Sector 21C, Faridabad, Faridabad, New Delhi And NCR, India",3150,4.1,4,"Splendid Weekend Deal Get 20&#037; Off &#033;&#033;",0
MMT,201410101534496393,"Awesome Stays M G Road","New Delhi And NCR","NR 31 , Near Global Buisness Park, Dlf Phase III , Gurgaon, New Delhi And NCR, India",700,2.5,3,,1
MMT,201308221257429634,"Tavisha Hotel","New Delhi And NCR","C18, Friends Colony East, Mathura Road, Mathura Road, South Delhi, New Delhi And NCR, India",4000,3.7,4,"Last Minute &#045; Book within 7 days to get 20&#037; discount",1
MMT,201007011525075813,"Hotel Delhi-37","New Delhi And NCR","A-147, National Highway No. 8, Near I.G.I/ Domestic Airport, Mahipalpur, Mahipalpur, New Delhi And NCR, India",1688,3.3,3,"Last Minute Deal 35&#037; 0&#045;5 Days&#009;",1
MMT,201106121134174251,"Hotel Samrat","New Delhi And NCR","50B,Kautilya Marg, Chanakyapuri, New Delhi And NCR, India",4000,3.6,4,,0
MMT,200706151215325032,"Hotel Suncity","New Delhi And NCR","11A/34 WEA Channa Market Karolbagh, Karol Bagh, New Delhi And NCR, India",1498,3.6,3,"Last Minute Deal 35&#037; 0&#045;4 Days",1
MMT,2009051510245441,"The Uppal Hotel - An Ecotel Hotel","New Delhi And NCR","National Highway - 8 Near IGI Airport, Dwarka Road, New Delhi Airport, New Delhi And NCR, India",3569,4.1,5,"Book for 3 nights and get 15&#037; off includes free breakfast&#044; 2 bottles of mineral water and Eco amenities",0
MMT,201007061554525443,"Hyatt Regency New Delhi","New Delhi And NCR","Bhikaiji Cama Place ,R0ing Road, Bhikaiji Cama Palace, South Delhi, New Delhi And NCR, India",9000,4.3,5,,0
MMT,201106291102388268,"Jaypee Siddharth","New Delhi And NCR","3, Rajendra Place, Rajendra Place , West Delhi, New Delhi And NCR, India",4227,3.8,5,"Book Now and Save&#033;&#033;&#033;",0
MMT,201104181649112977,"The Ashtan Sarovar Portico","New Delhi And NCR","C-2, Green Park, 02 km from AIIMS Hospital, Green Park, South Delhi, New Delhi And NCR, India",4883,4.3,4,,0
MMT,201410150959458838,"OYO Rooms Near Connaught Place","New Delhi And NCR","Hardhyan Singh Road, Near Connaught Place , Central Delhi, New Delhi And NCR, India",2598,2.1,3,,1
MMT,201410141959062735,"Oyo Rooms Noida Premium","New Delhi And NCR","Sector 56 , Noida, New Delhi And NCR, India",999,3.5,3,"Flat 50&#037; Off&#045;Limited Time Offer",1
MMT,201008191622101947,"Rockland Hotel - C R Park","New Delhi And NCR","B-207, C R Park New Delhi, C R Park, South Delhi, New Delhi And NCR, India",2100,4,3,"Exclusive Offer&#045; 40&#037; off",1
MMT,201209261103546000,"Vista Signature","New Delhi And NCR","B-109 & 110 , South City - 1 , Near Signeture Towers , NH 8 Gurgaon, South City Phase 1,Gurgaon, New Delhi And NCR, India",3000,4,3,,1
MMT,201104051243128451,"Good Palace","New Delhi And NCR","15A/63,W.E.A.,Ajmal Khan Road,Karol Bagh,New Delhi-110005, Karol Bagh, New Delhi And NCR, India",1795,3.8,3,"Book Minimum 3 Nights and get 35&#037; off",1
MMT,201304161414032652,"Hyatt Regency Gurgaon","New Delhi And NCR","NH-8, Sector 83, Gurgaon, Sector 83, Gurgaon, New Delhi And NCR, India",13750,4.2,5,,0
MMT,200701241200165905,"Jukaso IT Suites","New Delhi And NCR","Plot, 1, IDC Industrial Area, Mehrauli Road, Mehrauli Road,Gurgaon, New Delhi And NCR, India",3200,3.3,4,,1
MMT,200704121733428121,"The Park New Delhi","New Delhi And NCR","15, Parliament Street, Parliament Street, Central Delhi, New Delhi And NCR, India",4786,4,5,"Instant Purchase &#045; Book now and Get 30&#037; discount&#046;&#046;&#046;&#033;",0
MMT,200910012133082,"Quality Inn Bliss","New Delhi And NCR","11-12 City Center , sector 29, Sector 29, Gurgaon, New Delhi And NCR, India",3117,3.4,3,,1
MMT,20100106113923848,"Corporate Suites","New Delhi And NCR","Pilot Court, Essel Towers , Near MG Road Metro Station , Gurgaon, New Delhi And NCR, India",2500,3.6,3,,1
MMT,201103161121566694,"Hotel Maharaja Residency","New Delhi And NCR","B-20,21 Laxmi Nagar, Laxmi Nagar, East Delhi, New Delhi And NCR, India",2400,4.1,3,,1
MMT,201204111347248650,"Hotel City Park","New Delhi And NCR","KP BLOCK, Pitampura , West Delhi, New Delhi And NCR, India",4600,3.6,4,,0
MMT,200707051053308161,"Hotel Woodland Deluxe","New Delhi And NCR","8235/6  Arakshan Road Paharganj, Pahar Ganj, New Delhi Railway Station, New Delhi And NCR, India",540,3.3,2,,1
MMT,201412031612177304,"Zo Rooms Sec 62 Noida ","New Delhi And NCR","Plot No 16A, Institutional Area, Sector 62, Near Indus Valley Public School, New Delhi And NCR, India",899,2.8,3,"Book now and get flat 50&#037; off &#033;&#033;&#033;",1
MMT,201102090938109828,"Tivoli Cititel","New Delhi And NCR","41, Ring Road,Lajapat Nagar IV, Lajpat NAgar, South Delhi, New Delhi And NCR, India",3560,3.7,3,,0
MMT,200908291458324319,"Park Inn - Gurgaon","New Delhi And NCR","Civil Lines, Civil Lines, Gurgaon, New Delhi And NCR, India",3219,3.9,4,"Splendid Weekend Deal Get 20&#037; Off &#033;&#033;",0
MMT,201202031122053069,Hyphen,"New Delhi And NCR","C-45, Sector 62, Sector 62, Noida, New Delhi And NCR, India",1800,3.5,3,,1
MMT,200703161155527273,"Radisson Blu Plaza Delhi","New Delhi And NCR","National Highway 8, New Delhi, Mahipalpur, New Delhi Airport, New Delhi And NCR, India",7200,4.6,5,"Splendid Weekend Deal Get 20&#037; Off &#033;&#033; &#040;Does not include Airport Transfers&#041; | Stay for 3 Nights &amp; Save 20&#037; &#033;&#033;&#033;",0
MMT,201409041656526157,"The Grand Olive","New Delhi And NCR","A Block Sector 50 Near City Centre Metro Station, Sector 50 , Noida, New Delhi And NCR, India",1620,3,3,"Stay for 3 Nights or more and get 10&#037; off",1
MMT,201209171445566230,"Hotel Aman International","New Delhi And NCR","4555-56, Main Bazar, Near New Delhi Railway Station, Pahar Ganj, New Delhi And NCR, India",1299,3.6,3,"Flat 15&#037; Discount &#045; Last Minute Deal",0
MMT,201303201019413007,"HOTEL LAV-KUSH DELUXE","New Delhi And NCR","7784-7800,Ram Nagar,Arakashan Road, Paharganj, Behind Shiela Cinema,Near New Delhi Railway Station, New Delhi And NCR, India",699,3.2,2,,0
MMT,201106120942397721,"The Ashok","New Delhi And NCR","50 B,Diplomatic Enclave,Chanakyapuri, Chanakyapuri, New Delhi And NCR, India",7500,3.4,5,,0
MMT,200704121212343131,"Rockland - Panchsheel Enclave","New Delhi And NCR","C 30, Panchsheel Enclave, New Delhi, South Delhi, New Delhi And NCR, India",2010,3.8,3,"Exclusive Offer&#045; 40&#037; off",1
MMT,200908030930205632,"Airport Hotel Metro Tower","New Delhi And NCR","Vasant Kunj Airport Road, Opposite Maruti Apra Showroom, Mata Chowk, Mahipalpur , Mahipalpur, International Airport Zone , New Delhi And NCR, India",1320,2.8,2,"LAST MINUTE DEAL 20&#037;",1
MMT,201409021713111181,"Country Inn & Suites By Carlson Gurgaon Sohna Road","New Delhi And NCR","10th KM Stone Gurgaon, Sohna Road, Haryana, Gurgaon, New Delhi And NCR, India",3405,4.4,4,"Splendid Weekend Deal Get 25&#037; Off &#033;&#033;",0
MMT,201412031518305091,"Zo Rooms Nehru Place Metro Station ","New Delhi And NCR","B-3, Greater Kailash Enclave  1, New Delhi And NCR, India",1599,0,1,"Book now and get flat 50&#037; off &#033;&#033;&#033;",1
MMT,201210181229326458,"Kempinski Ambience Hotel","New Delhi And NCR","1,CBD, Maharaja Surajmal Road, , near Yamuna Sports Complex, , New Delhi And NCR, India",8000,4.5,5,,0
MMT,201008131548081776,"Savoy Suites","New Delhi And NCR","A-79 A, Sector 16,, Sector 16 , Noida, New Delhi And NCR, India",4500,3.7,4,,0
MMT,201203041317172860,"Leisure Inn West Gurgaon","New Delhi And NCR","Plot No 17/6,Old Delhi Gurgaon Road, Sector 14,Gurgaon, New Delhi And NCR, India",3660,4.2,4,,0
MMT,201401181301232174,"Four Points By Sheraton New Delhi, Airport Highway","New Delhi And NCR","Plot # 9, Samalkha, National Highway - 8, Delhi Aiport, New Delhi And NCR, India",4500,4.5,4,,0
MMT,201008101217536421,"Hotel La Suite","New Delhi And NCR","2/14, East Patel Nagar,, Patel Nagar, West Delhi, New Delhi And NCR, India",3150,3.4,4,"Last Minute Deal &#033;&#033;&#033;",1
MMT,201410150953526898,"OYO Rooms Railway Station","New Delhi And NCR","Paharganj , Paharganj , New Delhi And NCR, India",1099,3.8,3,"Flat 50&#037; Off&#045;Limited Time Offer",1
MMT,201401141326367637,"S K Premium Park ","New Delhi And NCR","1 - B Sub District Centre, Hari Nagar, New Delhi, Hari Nagar, New Delhi And NCR, India",2599,3.9,3,,1
MMT,20120130122641264,"FFour - New Delhi","New Delhi And NCR","F-4, East of Kailash, Above Apollo Clinic, East of Kailash, South Delhi, New Delhi And NCR, India",2550,4,3,"Book Now And Save",1
MMT,200912011538592880,"Mosaic Hotels - Noida","New Delhi And NCR","C -1, Sector 18 , Sector 18,Noida, New Delhi And NCR, India",4038,4.1,4,"Last Minute Deal &#033;&#033;&#033;",1
MMT,201210031729597955,"Citrus Hotels Gurgaon Central","New Delhi And NCR","285-286, Millennium City Centre, Sector'29, Gurgaon, Haryana, New Delhi And NCR, India",5167,4.4,4,,1
MMT,200703231327318669,"The Grand New Delhi","New Delhi And NCR","Nelson Mandela Road Vasant Kunj Ph - II, Vasant Kunj, Airport Zone, South Delhi, New Delhi And NCR, India",8000,4.1,5,,0
MMT,201005281212148154,"The Solitare Villa - C-111","New Delhi And NCR","C-111,South City-1,Gurgaon, South City I, Gurgaon, New Delhi And NCR, India",949,3.4,2,,1
MMT,201308012009231948,"Hotel Delhi 55","New Delhi And NCR","8706, D B Gupta Road, Near Sheila Cinema, Paharganj, Paharganj, New Delhi Railway Station , New Delhi And NCR, India",1625,3.9,3,"Book Now and Get 35&#037; Off",1
MMT,201104161515311556,"The White Klove","New Delhi And NCR","1563, Laxmi Narayan Street, Near Imperial Cinema, Behind Ramakrishna Metro Station, Panchkuian Road,Central Delhi, New Delhi And NCR, India",989,3.1,3,"Flat 40&#037; off",1
MMT,201305071046536570,"Bloomrooms @ New Delhi Railway Station","New Delhi And NCR","8591, Arakashan Road, Pahar Ganj, Opp New Delhi Railway Station, New Delhi And NCR, India",1625,4.2,3,"35&#037; summer sale",1
MMT,20070320203612159,"Hotel Jyoti Deluxe","New Delhi And NCR","4/68 WEA, Saraswati Marg, Karol Bagh, Karol Bagh, New Delhi And NCR, India",800,2.7,2,,1
MMT,200907290951086860,"Hotel Eurostar International","New Delhi And NCR","A-27 Street No 1 Near MTNL office, Mahipalpur, Mahipalpur, International Airport Zone , New Delhi And NCR, India",995,3.8,2,,0
MMT,200701111443342986,"Sunstar Grand","New Delhi And NCR","7a/17 Wea Channa Market, , Karol Bagh, New Delhi And NCR, India",1999,3.3,3,,1
MMT,201403161839519010,"Connaught Mews Stallen Apartments","New Delhi And NCR","41 B, Hanuman Road, Connaught Place, Hanuman Road, Connaught Place, New Delhi And NCR, India",2963,3,3,,1
MMT,200811270954539115,"La Sapphire Hotel","New Delhi And NCR","A- 23 Street No- 1 NH- 8 MahipalPur,Nr IGI International and Domestic Airport, Mahipalpur, International Airport Zone , New Delhi And NCR, India",3374,3.1,3,,1
MMT,201312051349549922,"Oyo Rooms Iffco Chowk","New Delhi And NCR","Sector 27, Gurgaon, New Delhi And NCR, India",500,3.8,3,"Flat 50&#037; Off&#045;Limited Time Offer",0
MMT,201409041256342729,"Oyo Rooms Cyber City","New Delhi And NCR","M Block, DLF Phase II, Gurgaon, Dlf Phase II ,Gurgaon, New Delhi And NCR, India",1499,3.9,3,"Flat 50&#037; Off&#045;Limited Time Offer",1
MMT,201006161147109446,"Hotel Swagat  Palace","New Delhi And NCR","f-2, D.B.G. market, karol bagh New Delhie, Karol Bagh, New Delhi And NCR, India",460,2.2,1,,0
MMT,201006091057174210,"Express Sarovar Portico","New Delhi And NCR","Sec 39, SurajKund, Faridabad, Delhi NCR,, Sector 39,, New Delhi And NCR, India",3800,3.8,3,,0
MMT,201010091401399113,"Hotel Crossroads Gurgaon","New Delhi And NCR","Behind ITI College, Sector 15, Sector 15,Gurgaon, New Delhi And NCR, India",3300,3.8,4,,1
MMT,201210031238521649,"Golden Tulip Gurgaon","New Delhi And NCR","SCO no 4, Sector 23-A Palam Vihar Road, Palam Vihar, Gurgaon, New Delhi And NCR, India",2654,3.3,4,"Flat Sale &#045; 10&#037; off &#033;&#033;&#033;",1
MMT,201311271402191853,"Fortune Inn Grazia, Ghaziabad","New Delhi And NCR","Plot No 1, Sanjay Nagar, Dist Center, Ghaziabad, New Delhi And NCR, India",3458,4.4,4,"Stay for 3 Pay for 2 &#033;&#033;",0
MMT,201204261403069498,"Hotel Private Affair","New Delhi And NCR","C-2, Greater Kailash, Part-1, Greater Kailash, South Delhi, New Delhi And NCR, India",2890,3.7,3,"Book Now and Save&#033;&#033;&#033;",1
MMT,201105081631316879,"Oodles Residency","New Delhi And NCR","R-26 Kalakaji Opposite Paras Cinema, Nehru Place, South Delhi, New Delhi And NCR, India",3362,3.7,4,,0
MMT,200812101527486717,Home@F37,"New Delhi And NCR","F-37 East of Kailash, East of Kailash, South Delhi, New Delhi And NCR, India",2720,4.4,3,"Book 6 Days in Advance and Save 15&#037;",0
MMT,20071105133244743,"Nirulas Hotel","New Delhi And NCR","C - 135, Sector - 2 Noida, Sector 2, Noida, New Delhi And NCR, India",3199,2.3,3,,1
MMT,201203101602449172,"Mulberry Retreat","New Delhi And NCR","F 78 Sushant Lok II, Sector 57 , Gurgaon, New Delhi And NCR, India",2000,3.4,2,,1
MMT,201004161626379843,"Cosy Grand","New Delhi And NCR","13 Aradhana Enclave Sect 13 RK Puram New Delhi, R K Puram, South Delhi, New Delhi And NCR, India",3300,3.1,3,"Book Now and Get &#045; 15&#037; Off&#033;&#033;&#033;&#033;&#033;",1
MMT,201003191729135374,"Hilton Garden Inn New Delhi Saket","New Delhi And NCR","A4, DLF Place, Saket District Centre New Delhi -110017, Saket, South Delhi, New Delhi And NCR, India",5500,4.2,5,,0
MMT,200701111421065212,"The Corus","New Delhi And NCR","B-49, Connaught Place, Connaught Place, Central Delhi, New Delhi And NCR, India",3592,3.5,3,"Stay more save more 30&#037;",0
MMT,201203031014441525,"Central Blue Stone By Royal Orchid","New Delhi And NCR","Plot no. 358-359, City Centre, Sector 29,Gurgaon, New Delhi And NCR, India",3375,4.3,4,"Stay for min 3 nights &amp; get 25&#037; off &#046;&#046;&#033;&#033;",0
MMT,201409271159283084,"Oyo Rooms Airport Zone","New Delhi And NCR","Block A , Near IGI Airport, Road No 5 , Mahipalpur, New Delhi And NCR, India",2798,3.6,3,,1
MMT,201412271306159171,"OYO Rooms Delhi Airport","New Delhi And NCR","A Block, NH8, Mahipalpur, New Delhi And NCR, India",2598,3.6,3,,1
MMT,200905281306045072,"Hotel Aura","New Delhi And NCR","31 Arakashan Road, Paharganj, Pahar Ganj, New Delhi Railway Station, New Delhi And NCR, India",1590,3.3,3,,1
MMT,201404031638495382,"Uppal International","New Delhi And NCR","28, Arakasha Road, Paharganj, Paharganj, New Delhi Railway Station, New Delhi And NCR, India",1329,3.8,3,"Book Now And Save 30&#037;",1
MMT,201004301220329453,"Clarks Inn Nehru Place","New Delhi And NCR","CC - 21  Main Ring Road, Opp Paras Cinema- Nehru PlaceKalkaji, Nehru Place,South Delhi, New Delhi And NCR, India",2800,4,3,,0
MMT,200710030903323488,"Hotel Grand President","New Delhi And NCR","17A/8 w.e.a. Karol Bagh, Karol Bagh, New Delhi And NCR, India",1980,3.9,3,"Book Now And Save 10&#037;",1
MMT,201012221913228990,"Fraser Suites","New Delhi And NCR","Plot No.4A,District Centre, Mayur Vihar Phase 1, 05 kms from Noida, New Delhi And NCR, India",6004,4.3,5,"Book Now And Save 15&#037;",1
MMT,200701121614112726,"Gautam Residency","New Delhi And NCR","E-54, Hans Raj Gupta Marg, Greater Kailash - 1, Greater Kailash Part 1, South Delhi, New Delhi And NCR, India",2500,3.6,3,,1
MMT,200704101420042735,"The Claridges","New Delhi And NCR","12, Aurangzeb Road, Aurangzeb Road, New Delhi And NCR, India",9200,4.7,5,,0
MMT,20090814150016691,"Hotel Kingston Park","New Delhi And NCR","8/5 Wea Karol Bagh near metro pillar no 88 , Karol Bagh, New Delhi And NCR, India",2559,3.7,3,"Book For 2 Nights &amp; Get 20&#037; Discount&#046;&#046;&#046;&#033;&#033;&#033;",1
MMT,200904171038223670,"Fortune Inn Grazia","New Delhi And NCR","Block I Plot no 1A Sector 27 , Sector 27, Noida, New Delhi And NCR, India",5000,4.2,4,,0
MMT,200704301541324565,"Lemon Tree Hotel, Udyog Vihar","New Delhi And NCR","866 Udyog Vihar, Phase V, Gurgaon, Udyog Vihar, Phase V, Gurgaon, New Delhi And NCR, India",3321,3.8,3,"Book Minimum for 3 Nights and Get 15 &#037; Discount&#046;&#046;&#046;&#033;&#033;&#033; | PAN card will not be accepted as Identity Proof &#033;&#033;",1
MMT,201302031220116054,"Hotel Suncity Inn","New Delhi And NCR","Khasarand 103/2/2, NH-8, Near IGI Airport,,  Near Radisson Blue Hotel, Mahipalpur, New Delhi And NCR, India",1200,2.3,3,,1
MMT,201203121339356827,"DoubleTree by Hilton Gurgaon","New Delhi And NCR"," Golf Course Road, Sector 56, Gurgaon, New Delhi And NCR, India",5400,4.4,5,,0
MMT,201310191748369384,"Hotel Rama Deluxe ","New Delhi And NCR","2278,Chowk, Gurudwara Road, Opp Bikaner Sweets, Karol Bagh , New Delhi And NCR, India",950,3.1,3,,1
MMT,201312051524239932,"OYO Rooms Cyber Park Premium","New Delhi And NCR","P Block, Sector - 41,  Near Cyber Park, Sector 41, Gurgaon, New Delhi And NCR, India",999,3.4,3,"Flat 50&#037; Off&#045;Limited Time Offer",1
MMT,201201021817018343,"Shangri-La's Eros Hotel,New Delhi","New Delhi And NCR","19 Ashoka Road, Connaught Place, Connaught Place, Central Delhi, New Delhi And NCR, India",8562,4,5,,1
MMT,201004301250318807,"Clarks Inn Kailash Colony","New Delhi And NCR","A-1, Kailash Colony, Close to Metro Station, Metro Pillar  89, Near Nehru Palace, New Delhi And NCR, India",2550,4.1,3,"Book within 6 days and get 15&#037; discount&#046;&#046;&#033;&#033;",0
MMT,201206121609263450,"Ginger Hotel - Faridabad","New Delhi And NCR","Fun City Mall, Ajronda Chowk,, Main Mathura Rd, New Delhi And NCR, India",1759,4.4,3,"12&#037; Off on stay of 3 or more nights &#033;&#033;",0
MMT,201008061007225762,"Red Fox Hotel, East Delhi","New Delhi And NCR","Plot No. 6, Community Center, Mayur Vihar Phase III, Near Noida Electronic City and Sectors 1 to11, New Delhi And NCR, India",2542,3.8,3,"Stay for min 3 nights &amp; get 15&#037; off &#033;&#033;&#033; | Weekend Offer&#033; 15&#037; Off &#033;&#033; | PAN card will not be accepted as Identity Proof &#033;&#033;",1
MMT,201403061313291986,"Hotel The Olive Inn","New Delhi And NCR","7A/10, w.e.a, Channa Market, Karol Bagh, Karol Bagh, New Delhi And NCR, India",1999,3.7,3,,1
MMT,201106181052195815,"Airport Hotel Mayank Residency","New Delhi And NCR","A - 230, Road no 2, Block -A, Mahipalpur Extension, Mahipalpur, International Airport Zone , New Delhi And NCR, India",1122,2.9,2,"Last Minute Special Rate includes 32&#037; discount&#033;&#033;",1
MMT,20110209154211184,"Stallen Suites & Apartments","New Delhi And NCR","10/5 Nehru Enclave,, Nehru Place, South Delhi, New Delhi And NCR, India",2700,3.5,3,,1
MMT,200702081033428563,"juSTa Panchsheel Park","New Delhi And NCR","S-362, Panchsheel Park, South Delhi, New Delhi And NCR, India",3967,4,4,"Limited Period Offer&#045;20&#037; discount&#033;&#033;",1
MMT,201209051036561262,"Pitrashish Grand & Premium","New Delhi And NCR","59/36, New Rohtak Road, Near Library Cinema, , Karol Bagh, New Delhi And NCR, India",1650,3.4,3,,1
MMT,200902061128377890,"Le Meridien","New Delhi And NCR","Windsor palace janpath , Connaught Place, Central Delhi, New Delhi And NCR, India",9000,4.5,5,,0
MMT,201107291745449582,"Sarovar Portico Naraina","New Delhi And NCR","A 9 ,Naraina Vihar, Naraina Vihar, New Delhi And NCR, India",2600,4.1,4,,0
MMT,200908110944293449,"Parkland - Defence Colony","New Delhi And NCR","E-19 defence colony, near south extn, Defence Colony, South Delhi , New Delhi And NCR, India",5500,2.7,3,,1
MMT,201412040033558550,"Zo Rooms Atta Market Noida","New Delhi And NCR","B 243 Sector 26 Noida, , New Delhi And NCR, India",999,4.3,3,"Book now and get flat 50&#037; off &#033;&#033;&#033;",1
MMT,201406230945462738,"Country Inn & Suites by Carlson Bhiwadi","New Delhi And NCR","Plot 4, Bhagat Singh Colony, UIT, Bhiwadi, Bhiwadi, New Delhi And NCR, India",2061,4,4,"Zach Johnson Campaign &#045; 11&#037; off and Free Wifi &#033;&#033;&#033; | Splendid Weekend Deal Get 20&#037; Off &#033;&#033;",0
MMT,201106211107204751,"Hotel Shivdev International","New Delhi And NCR","8518-22,Arakshan Rd,, Pahar Ganj, New Delhi Railway Station, New Delhi And NCR, India",1275,3.5,3,"Flat 10&#037; OFF",1
MMT,200809161804535113,"Hotel Lohmod","New Delhi And NCR","A-292 Mahipalpur Ext NH-8 Near Airport , Mahipalpur, International Airport Zone , New Delhi And NCR, India",2499,3.2,3,,1
MMT,2010081719410763,"Ginger Hotel-Manesar","New Delhi And NCR","Raheja Square,,  IMT Manesar, Gurgaon, New Delhi And NCR, India",2023,4.7,3,"12&#037; Off on stay of 3 or more nights &#033;&#033;",0
MMT,20140219190538726,"Hotel Anand Lok","New Delhi And NCR","Sector - 23, Near Shyam Baba Mandir, Dwarka, New Delhi And NCR, India",2070,3.5,3,,1
MMT,201409271100204149,"OYO Rooms Galleria Market","New Delhi And NCR","Block B , Sector 29, Gurgaon, New Delhi And NCR, India",999,0,3,"Flat 50&#037; Off&#045;Limited Time Offer",1
MMT,201106191205475067,"Hotel Topaz","New Delhi And NCR","9140/3, Multani Dhanda, Paharganj, Pahar Ganj, New Delhi Railway Station, New Delhi And NCR, India",1250,4.4,3,,1
MMT,201005271538428075,"Shervani Nehru Place","New Delhi And NCR","B20, Chirag Enclave, Nehru Place, South Delhi, New Delhi And NCR, India",3600,4.2,4,,1
MMT,200701101653021394,"Jukaso Inn-Sunder Nagar","New Delhi And NCR","50, Sunder Nagar, Pragati Maidan, Central Delhi, New Delhi And NCR, India",4800,0,3,,0
MMT,201409221800524558,"Hotel Le Princess","New Delhi And NCR","A-81, ROAD NO - 4 , STREET NO - 6, MAHIPALPUR EXT, New Delhi And NCR, India",699,3,1,,1
MMT,201402271401463106,"Hotel Arjun","New Delhi And NCR","5084 Main Bazar Pahar Ganj, Near Khanna Cinema, Paharganj, New Delhi Railway Station, New Delhi And NCR, India",990,3.1,3,,1
MMT,200901081330468289,"Vivanta by Taj - Ambassador, New Delhi ","New Delhi And NCR","Sujan Singh Park Cornwallis Road, New Delhi, Khan Market, Central Delhi, New Delhi And NCR, India",4721,4.5,5,,0
MMT,201306301655136410,"Grand Venizia","New Delhi And NCR","OPP. Kripal Bagh, NR. Model Town, Metro Station, New Delhi, Metro Station, New Delhi And NCR, India",3500,3.4,4,,1
MMT,20080318065832554,"The Muse Sarovar Portico","New Delhi And NCR","A-1, Chirag Enclave, Nehru Place, Nehru Place, New Delhi And NCR, India",4853,4.1,4,"Stay for min 3 nights &amp; get 20&#037; off  on the last night&#046;&#046;&#033;&#033;",0
MMT,200709141423048128,"Hotel Pallvi Palace","New Delhi And NCR","8572, Arakshan Road, Paharganj,Near New Delhi, Paharganj, New Delhi Railway Station, New Delhi And NCR, India",999,3.8,2,"Flat 10&#037; Discount &#058; Last Minute Deal &#033;&#033;&#033;",1
MMT,201401241650315152,"Hotel Su Shree Continental","New Delhi And NCR","3198/15 , Desh Bandhu Gupta Road, Behind Hotel Revels, Paharganj, Paharganj, New Delhi And NCR, India",767,4.1,2,"Book Now &amp; Get 27&#037; Discount Each Night&#046;",1
MMT,201307221021462818,"C Inn Hotel","New Delhi And NCR","Surjapur Kasna Road,Adjacent to Hotel Crowne Plaza, Greater Noida, New Delhi And NCR, India",2150,4.7,3,,0
MMT,201303181428434382,"Club Florence","New Delhi And NCR","Block E,Sushant Lok II, Sector 56,Gurgaon, New Delhi And NCR, India",3000,4.4,4,,1
MMT,201305021319483387,"Le - Eden","New Delhi And NCR","V-33/1 Dlf Phase III, Dlf Phase III,Gurgaon, New Delhi And NCR, India",1500,2.8,2,,1
MMT,20071005165110100,"Lemon Tree Hotel, East Delhi Mall, Kaushambi","New Delhi And NCR","East Delhi, Mall, Kaushambi,Plot No 1, Ghaziabad, Kaushambi, East Delhi, New Delhi And NCR, India",3204,4.3,3,"Book now and get 10&#037; discount &#033;&#033; | Weekend Special&#046;&#046;&#033;&#033; Get 15&#037; off on Fri&#044; Sat&#044; Sun&#046;&#046;&#033;&#033; | PAN card will not be accepted as Identity Proof &#033;&#033;",1
MMT,201209251705268247,"Bloomrooms @ Link Rd","New Delhi And NCR","7 Link Rd, Jangpura, South Delhi, New Delhi And NCR, India",2340,4.3,3,"40&#037; mega sale | 40&#037; mega sale",1
MMT,200912291857124525,"Optus Sarovar Premiere","New Delhi And NCR","43-47, Sector 29, City Center, Sector 29, Gurgaon, New Delhi And NCR, India",6059,4.2,4,"Last Minute Deal &#045; Book now and get 10&#037; discount&#046;&#046;&#033;&#033; ",0
MMT,200911041121175433,"Seasons Hotel at Tarudhan Valley, Manesar","New Delhi And NCR","Village Dadu, Teshil Tauru, Tarudhan Valley, District Mewat, Manesar, Gurgaon, New Delhi And NCR, India",6700,3.4,4,,0
MMT,201007011442381744,"Hotel Era ","New Delhi And NCR","A-247/1, Road No-06, National Highway No. 8, Near I.G.I/ Domestic Airport, Mahipalpur, Mahipalpur, New Delhi And NCR, India",2000,3.4,3,,1
MMT,201204111604387203,"Indira International Inn","New Delhi And NCR","B-32, Masoodpur,, Vasant Kunj, New Delhi And NCR, India",2200,3.8,3,,1
MMT,201303251419182398,"Hotel Royal Star","New Delhi And NCR","Plot No 9, Sec 10 Dwarka In front of Matro Station, Dwarka, New Delhi And NCR, India",3163,4.3,3,,1
MMT,201103161921011399,"Hotel Sunder","New Delhi And NCR","9776/8, Multani Dhanda Sadar, , Pahar Ganj, New Delhi Railway Station, New Delhi And NCR, India",825,3.3,2,,0
MMT,201005101200138606,"Hotel Anand","New Delhi And NCR","8/41 wea abdul aziz road near jessa ram hospital karol bagh, Karol Bagh, New Delhi And NCR, India",1139,3,2,"Basic Deal&#033;&#033;&#033;",0
MMT,201412071717388286,"Oyo Rooms Greater Kailash I","New Delhi And NCR","70 A Hans Raj Gupta Marg, Greater Kailash 1, New Delhi And NCR, India",1799,0,3,"Flat 50&#037; Off&#045;Limited Time Offer",1
MMT,201101081148551640,"The Acura BMK","New Delhi And NCR","Adjacent to Rajeev Chowk, , Civil Lines,Gurgaon, New Delhi And NCR, India",2804,4,4,"Book &amp; Save &#033;&#033;&#033;",1
MMT,200707111748461095,"Sagar Residency","New Delhi And NCR","744 Main Mathura Road, Main Mathura Road, South Delhi, New Delhi And NCR, India",2500,3.7,3,,1
MMT,201209171503328132,"Hotel Sonu Dx","New Delhi And NCR","4563, Main Bazar, Paharganj, Paharganj, New Delhi And NCR, India",999,0,1,"Flat 15&#037; Discount &#058; Limited period offer",0
MMT,201406211159101681,"Sawera International","New Delhi And NCR","7875, Aarakashan Road, Opp. Hotel Ajanta, Pahar Ganj, Pahar Ganj, New Delhi And NCR, India",625,3.1,1,,0
MMT,201211081220304096,"Park Plaza - Shahdara","New Delhi And NCR","Near Crystall Mall,Plot no. 32 CBD Ground - Shahdara , Shahdara, New Delhi And NCR, India",2700,3.2,5,"Splendid Weekend Deal Get 20&#037; Off &#033;&#033;",0
MMT,201309101323085446,"Hotel Castle Blue","New Delhi And NCR","A - 109, Road No - 5, Mahipalpur Extn,, Mahipalpur Extn, New Delhi And NCR, India",1899,3.7,2,,1
MMT,201101241800407333,"The Grand Hotel Bizzotel ","New Delhi And NCR","1816/2, Old Delhi Gurgaon Road, Sector 14, Near Shyam Sweets Gurgaon, Sector 14,Gurgaon, New Delhi And NCR, India",3400,4,3,,1
MMT,201105211344169833,"Hotel Delhi Pride","New Delhi And NCR","12A/28, W.E.A Saraswati marg,Karol Bagh, New Delhi, Karol Bagh, New Delhi And NCR, India",1500,3,3,,1
MMT,201205101421139979,"JHT Hotel","New Delhi And NCR","S-21, Greater Kailash-1, S-21, Greater Kailash-1, South Delhi, New Delhi And NCR, India",4500,0,3,,0
MMT,201304291441035527,"Hotel Sisley The Boutique","New Delhi And NCR","53/03 D B Gupta Road Karol Bagh, Gupta Road Karol Bagh, New Delhi And NCR, India",1777,0,3,"Hurry &#033;&#033;&#033;&#033; Book for 3 nights and Get 20&#037; discount",0
MMT,200701210523333327,"Park Plaza Gurgaon","New Delhi And NCR","B Block, Sushant Lok,Phase 1, Sushant Lok,Phase 1, Gurgaon, New Delhi And NCR, India",5875,5,4,"Splendid Weekend Deal Get 25&#037; Off &#033;&#033; Exclusive of Breakfast &#033;&#033;&#033;",0
MMT,201109301501008028,"Crowne Plaza Okhla ","New Delhi And NCR","Plot No,1, Community Centre, Okhla Phase-1,South Delhi, New Delhi And NCR, India",6583,4.2,5,,0
MMT,200809191315098512,"juSTa Greater Kailash","New Delhi And NCR","R-53 Greater Kailash 1, Greater Kailash 1, New Delhi And NCR, India",3967,4.3,4,"Limited Period Offer&#045;20&#037; discount&#033;&#033;",1
MMT,201412072331095497,"Oyo Rooms Airport Link","New Delhi And NCR","A 282 A1 Mahipalpur, NH 8 Near IGI Airport, New Delhi And NCR, India",2598,2.4,3,,1
MMT,200707051204332323,"Grand Park Inn","New Delhi And NCR","1041/17, Abdul Rahaman Road, Naiwala, Karol Bagh, Karol Bagh, New Delhi And NCR, India",2030,3.9,3,"Stay More Save More 30&#037; 3&#043; days",1
MMT,200712201027152301,"Hotel Waves","New Delhi And NCR","A-272,Mahipalpur,NH-8, Near Indira Gandhi International Airport, Mahipalpur, International Airport Zone , New Delhi And NCR, India",2800,3.5,3,,1
MMT,201101271518485411,"Hotel Prince Polonia","New Delhi And NCR","2325/26, Tilak Street, Pahar Ganj, New Delhi, Pahar Ganj, New Delhi Railway Station, New Delhi And NCR, India",850,3.1,3,,0
MMT,201209081729356985,"Hotel Diplomat","New Delhi And NCR","9 Sardar Patel Marg, Diplomatic Enclave, Chanakyapuri, New Delhi And NCR, India",7000,3.6,4,,1
MMT,201106291112099942,"Jaypee Greens Golf & Spa Resort","New Delhi And NCR","G Block, Surajpur Kasna Road, Greater Noida, New Delhi And NCR, India",8250,4.2,5,,0
MMT,201109141334057312,"Hotel Alka Classic","New Delhi And NCR","P-16, Connaught Circus, Connaught Place,Central Delhi, New Delhi And NCR, India",4480,3.5,3,,1
MMT,201205311305452423,Aadhar,"New Delhi And NCR","J-10/26,DLF Phase II Near Metro Station, DLF Phase II,Gurgaon, New Delhi And NCR, India",1900,4.4,3,,1
MMT,200804021638051070,"Clark Heights","New Delhi And NCR","1/1 West Patel Nagar (along with metro line), Patel Nagar , West Delhi, New Delhi And NCR, India",2799,3.6,3,,1
MMT,201412302338305912,"Vista Inn","New Delhi And NCR","12A/27, WEA, Saraswati Marg, Karol Bagh, New Delhi And NCR, India",1439,0,3,"Basic Deal&#033;&#033;&#033;",1
MMT,201201091236467365,"Millennium Residency","New Delhi And NCR","Millenium Residency, H-970,  Ramphal Chowk, Sector-7, Dwarka, Mahipalpur, International Airport Zone , New Delhi And NCR, India",1500,2.1,3,,0
MMT,20070110151535878,"Royal Castle Grand","New Delhi And NCR","D-616 CR Park, CR Park South Delhi, New Delhi And NCR, India",3672,3.8,3,,1
MMT,20140924200849938,"Hotel Krishna Residency ","New Delhi And NCR","Plot No 2 , Sec - 12 B, Dwarka, New Delhi And NCR, India",1999,1.1,3,"Flat 15&#037; Discount &#058; Last Minute Deals &#033;&#033;&#033;",0
MMT,200803041545505113,"Hotel Star","New Delhi And NCR","A-288, National Highway No. 8, Near I.G.I/ Domestic Airport, Mahipalpur, Mahipalpur, New Delhi And NCR, India",1797,3.2,3,"Book &amp; Save &#033;&#033;&#033; | Book &amp; Save &#033;&#033;&#033;",1
MMT,20110205154704661,"Hotel Grand Shoba ","New Delhi And NCR","KH No 1028/1, Road No 6, Mahipalpur, , Mahipalpur, International Airport Zone , New Delhi And NCR, India",1999,3.4,3,,1
MMT,201010011640105116,"Fortune Select Excalibur","New Delhi And NCR","Main Sohna Road, , Sector 49, Gurgaon, New Delhi And NCR, India",3917,4.2,4,"Stay for 3 Pay for 2 &#033;&#033;",0
MMT,201301231457509619,"Hilton Garden Inn Gurgaon Baani Square","New Delhi And NCR","Sector 50, Gurgaon, New Delhi And NCR, India",6038,3.8,5,,0
MMT,201101281740201010,"Gokul Residency","New Delhi And NCR","C-928, Sector-7, Ramphal Chowk, Dwarka , West Delhi, New Delhi And NCR, India",2200,3,3,,1
MMT,200703201948476867,"Hotel Swati Deluxe","New Delhi And NCR","17A/32, WEA Gurudwara Road, Karol Bagh, Karol Bagh, New Delhi And NCR, India",4000,4,3,,1
MMT,201406242027399761,"Hotel Shimla Heritage","New Delhi And NCR","7 A/36,  W.E.A, Channa Market, Karol Bagh, Karol Bagh, New Delhi And NCR, India",1438,4.3,3,"Book Now &amp; Save 10 &#037;",1
MMT,201106171313444172,"Hotel Goodluck","New Delhi And NCR","A-103,Road No. 4, Mahipalpur, International Airport Zone , New Delhi And NCR, India",1250,2.9,3,,1
MMT,201109241711009173,"Vibe By The LaLiT Traveller, Faridabad","New Delhi And NCR","12/7 Mathura Road, , Just After Toll Plaza, Faridabad, New Delhi And NCR, India",2879,3.8,4,"Early bird",0
MMT,200802141651417938,"Hotel Avtar","New Delhi And NCR","3425,Desbandhu Gupta Road, Pahar Ganj, New Delhi Railway Station, New Delhi And NCR, India",2000,3.4,1,,1
MMT,201201291857062416,"Hotel Mahalaxmi Plaza - Faridabad","New Delhi And NCR","5 R/4, N I T Faridabad, Faridabad, New Delhi And NCR, India",1100,3.2,1,,0
MMT,200703201921359259,"Hotel Swati","New Delhi And NCR","15A/ 56, WEA, (Ajmal Khan Road) Karol Bagh, Karol Bagh, New Delhi And NCR, India",4000,4.2,3,,1
MMT,200703020831565937,"Centaur Hotel","New Delhi And NCR","Indira Gandhi International Airport, Mahipalpur, International Airport Zone , New Delhi And NCR, India",4500,2.5,3,,0
MMT,201005241146045822,"Hotel Alpine Tree","New Delhi And NCR","A-65,Mahipalpur, NH-8, Near Indira Gandhi International Airport, Mahipalpur, International Airport Zone , New Delhi And NCR, India",1716,3.4,3,,1
MMT,201205191037117636,"Savoy Suites - Manesar","New Delhi And NCR","R-75, Sector 1, IMT Manesar, Manesar , New Delhi And NCR, India",5100,4.6,4,,0
MMT,201302231443077378,"Hotel Stately Suites - MG Road","New Delhi And NCR","MG Road, MG Road,Gurgaon, New Delhi And NCR, India",2700,4.3,3,,1
MMT,201005311833314050,"The Royce Hotel","New Delhi And NCR","D803, New Friends Colony, Near Escort Hospital, Near Escort and Apollo Hospitals, South Delhi, New Delhi And NCR, India",3059,3.7,3,,0
MMT,20110218101752668,"Diplomat Residency","New Delhi And NCR","56, Ring Road, Lajpat Nagar, Lajpat Nagar, South Delhi, New Delhi And NCR, India",3450,4.3,3,,1
MMT,201410151057195897,"Casa2 Inn DLF Phase 4 Galleria","New Delhi And NCR","A Block Sushant Lok 1 , Dlf Phase IV ,Near Galleria Market , Gurgaon, New Delhi And NCR, India",1990,4.9,3,,1
MMT,201106211001381605,"Hotel Sun International","New Delhi And NCR","7875-79,Arakashan Road, Pahar Ganj, New Delhi Railway Station, New Delhi And NCR, India",1395,2.5,3,,1
MMT,201404211723394916,"Tivoli Grand Resort","New Delhi And NCR","Main G.T.Karnal Road, Jindpur, Jindpur, New Delhi And NCR, India",3160,2,3,,0
MMT,201201221104198232,"The Royal Residency Hotel","New Delhi And NCR","C-669, New Friends Colony, C V Raman Marg, Main Road, New  Friends Colony, South Delhi, New Delhi And NCR, India",2875,3.6,3,,1
MMT,201304261130375408,"Hotel Neha Inn","New Delhi And NCR","7977/2/3, Arakashan Road, Pahar Ganj, New Delhi And NCR, India",560,2.3,2,,1
MMT,201202231436506061,"Radisson Blu MBD Hotel, Noida","New Delhi And NCR","L-2, Sector 18, Noida, Noida, New Delhi And NCR, India",6803,4,5,"Splendid Weekend Deal Get 20&#037; Off &#033;&#033;",0
MMT,201409021144166440,"OYO Rooms MG Road","New Delhi And NCR","Dlf City Phase II, Dlf Phase II , Gurgaon, New Delhi And NCR, India",1199,4,3,"Flat 50&#037; Off&#045;Limited Time Offer",1
MMT,201202161524385873,"Ahuja Residency Sundernagar ","New Delhi And NCR","3, Sunder Nagar, 3, Sunder Nagar, New Delhi And NCR, India",3450,4.9,3,"Extended Stay Offer",1
MMT,201204231419013336,"Formule 1 Greater Noida","New Delhi And NCR","Wegman's IT Park, Plot No 3, Knowledge Park III, Surajpur Kasna Road ,, Greater Noida, New Delhi And NCR, India",2475,3.5,3,"Rest Assured Offer&#033;&#033;Book 5 days in Advance and get 10&#037; Off&#033;&#033;",0
MMT,201107261831211763,"Trinity Art Hotel","New Delhi And NCR","E-147, Saket, Saket, New Delhi And NCR, India",3000,4.3,3,,1
MMT,200707242016359438,"Hotel Tara Palace","New Delhi And NCR","419,Esplanade Road, Old Cycle Market, Opp Red Fort, , New Delhi And NCR, India",2132,3.5,3,,0
MMT,200901301132199835,"Hotel Saptagiri","New Delhi And NCR","Manhipalpur Extn NH- 08, Mahipalpur, International Airport Zone , New Delhi And NCR, India",2950,3.4,3,,1
MMT,200901081324274244,"Taj Palace Hotel","New Delhi And NCR","Sardar Patel Marg Diplomatic Enclave New Delhi, Diplomatic Enclave, New Delhi Airport, New Delhi And NCR, India",9700,4.4,5,,0
MMT,201412232356519835,"OYO Premium Dwarka Sector 23","New Delhi And NCR","Sector-23 A, Dwarka, New Delhi, New Delhi And NCR, India",2598,4.9,3,,1
MMT,201410272251226121,"Park Inn By Radisson IP Extension","New Delhi And NCR","Plot No 6A, IP Extension, New Delhi And NCR, India",4609,4.4,4,"Splendid Weekend Deal Get 20&#037; Off &#033;&#033;",0
MMT,201005281304409776,"Hotel Saar Inn ","New Delhi And NCR","14A/6, W.E.A, Karol Bagh, , Karol Bagh, New Delhi And NCR, India",2800,4.1,3,,1
MMT,201402081351495632,"Fortune Park Orange","New Delhi And NCR","67 km, NH 8, Village - Sidhrawali, Gurgaon, Village - Sidhrawali  Gurgaon, New Delhi And NCR, India",2499,4.6,4,"Stay for 3 Pay for 2 &#033;&#033;",0
MMT,201203051035433289,"Emblem Hotel ","New Delhi And NCR","Old Delhi - Gurgaon Road, Near Sector 14 Market, Next to Raj Cinema, Exit  - 7 from NH - 8, Sector 14,Gurgaon, New Delhi And NCR, India",1950,3.7,4,"Book &amp; Save &#033;&#033;&#033;",0
MMT,201412240121066448,"OYO Rooms Premium Cyber Hub","New Delhi And NCR","Jacaranda Marg, DLF Phase II, Gurgaon, New Delhi And NCR, India",1299,4.7,3,"Flat 50&#037; Off&#045;Limited Time Offer",1
MMT,200708101014478383,"Lals Haveli","New Delhi And NCR","8892-95 Multani Dhanda Pahar Ganj, Pahar Ganj, New Delhi Railway Station, New Delhi And NCR, India",1100,3.9,2,,0
MMT,201205031745385278,"Hotel Swagath","New Delhi And NCR","C8, Malivya Nagar, C8, Malivya Nagar, New Delhi And NCR, India",3400,3.8,3,,1
MMT,20070324100129132,"Hotel Garden View","New Delhi And NCR","5/12, Saraswati Marg, W.E.A. Karol Bagh, New Delhi, Karol Bagh, New Delhi And NCR, India",1400,3.6,2,,1
MMT,201411301008165138,"Hotel Cloud 9","New Delhi And NCR","1028/1,NEAR IGI AIRPORT  NH-8,MAHIPALPUR EXTN, , New Delhi And NCR, India",1350,3.9,3,,1
MMT,201008091037176812,"XS Residency","New Delhi And NCR","E-3 Chander Nagar, Near Anand Vihar Metro Station, Near Ramprastha Colony, Ghaziabad, New Delhi And NCR, India",2500,3,3,,1
MMT,201101192008115545,"Omega Residency","New Delhi And NCR","37,Street no.1, Ram Nagar Paharganj, Pahar Ganj, New Delhi Railway Station, New Delhi And NCR, India",1400,3.9,3,,1
MMT,20121209165307544,"Hotel Regent Grand","New Delhi And NCR","2/6, East Patel Nagar, Opposite Metro Pillar no , East Patel Nagar , West Delhi, New Delhi And NCR, India",4005,4.5,4,"Flat 10&#037; Discount on deluxe room | Flat 20&#037; discount on Metro&#045;View Room",1
MMT,201105251236115981,"ITC Maurya- A Luxury Collection Hotel","New Delhi And NCR","Diplomatic Enclave, Sardar Patel Marg, New Delhi And NCR, India",10500,4.4,5,,0
MMT,201312051329591673,"OYO Rooms Huda City Center","New Delhi And NCR","South City - I, Gurgaon, New Delhi And NCR, India",1199,3.9,3,"Flat 50&#037; Off&#045;Limited Time Offer",1
MMT,201204261605196731,"Hotel Silver Arc","New Delhi And NCR","17A/6,WEA,Karol Bagh, Behind Karol Bagh Metro Station, New Delhi And NCR, India",2500,3.7,3,,0
MMT,201209171414202215,"Hotel Gold Regency","New Delhi And NCR","4350, Main Bazar, Main Bazar, New Delhi And NCR, India",1199,3.4,3,"Flat 15&#037; Discount &#045; Book within 5 Days &#033;&#033;&#033;&#033;",0
MMT,201411201239507791,"Awesome Stays Sahara Mall","New Delhi And NCR","J 29, Sahara Mall , Gurgaon, New Delhi And NCR, India",999,4.1,3,,1
MMT,201107091110077969,"Aman Deluxe","New Delhi And NCR","A 30-31, Vishal Enclave, Opp. Vishal Cinema,, Rajouri Garden, West Delhi, New Delhi And NCR, India",2300,3.5,3,,0
MMT,201012191214106514,"Hotel Sahara International Deluxe","New Delhi And NCR","3162/63,Sangtrashan Road, , Pahar Ganj, New Delhi Railway Station, New Delhi And NCR, India",500,2.2,2,,1
MMT,201203031332561718,"Royal Ramiro Residency","New Delhi And NCR","U-59/17A DLF City Phase-3, DLF Phase-3, Gurgaon, New Delhi And NCR, India",2530,3.3,3,,1
MMT,201008171112314281,"Hotel Impress","New Delhi And NCR","A-25, Vasant Kunj Road, Mahipalpur, New Delhi Airport, Mahipalpur, International Airport Zone , New Delhi And NCR, India",2799,4.1,3,,1
MMT,200905041156014583,"Hotel Broadway","New Delhi And NCR","4/15 Asaf Ali  Road, , Asaf Ali  Road,Chandni Chowk, New Delhi And NCR, India",1980,3.4,3,"LAST MINUTE DEAL &#040; NON REFUNDABLE&#041;",1
MMT,201412071320336961,"OYO Rooms Karol Bagh","New Delhi And NCR","w e a , sarawati marg, Karol Bagh, New Delhi And NCR, India",2598,2.4,3,,1
MMT,201411251521058976,"Oyo Rooms Noida Golf Course","New Delhi And NCR","Sector 35, Noida, New Delhi And NCR, India",599,2.1,3,"Flat 50&#037; Off&#045;Limited Time Offer",1
MMT,201411102022148038,"Oyo Rooms Paharganj Premium","New Delhi And NCR","Paharganj, New Delhi, New Delhi And NCR, India",999,4.1,3,"Flat 50&#037; Off&#045;Limited Time Offer",1
MMT,20140217191111926,"Hotel NXT Noida","New Delhi And NCR","Sector 53, A-Block, Opp A-59, Community Centre Noida, Noida, New Delhi And NCR, India",1169,3.1,3,"Stay More Save More",1
